"","Model","agecat","year","variable.x","variable.y","DoubleYearDecadeCoef","variable","DoubleAgecatCoef","USA","JustTriple","sum"
"1","AllCountriesFemaleNoLag","05-09","1940","USDummy1_05-09_YearDecade1940","USDummy1_YearDecade1940",-0.353082,"USDummy1_05-09",-0.1563145,0.0176041,0.0677816,-0.4240108
"2","AllCountriesFemaleNoLag","05-09","1950","USDummy1_05-09_YearDecade1950","USDummy1_YearDecade1950",0,"USDummy1_05-09",-0.1563145,0.0176041,0,-0.1387104
"3","AllCountriesFemaleNoLag","05-09","1970","USDummy1_05-09_YearDecade1970","USDummy1_YearDecade1970",0.1977787,"USDummy1_05-09",-0.1563145,0.0176041,0.0080039,0.0670722
"4","AllCountriesFemaleNoLag","05-09","2000","USDummy1_05-09_YearDecade2000","USDummy1_YearDecade2000",0.440163,"USDummy1_05-09",-0.1563145,0.0176041,0.0685494,0.370002
"5","AllCountriesFemaleNoLag","05-09","1980","USDummy1_05-09_YearDecade1980","USDummy1_YearDecade1980",0.2862703,"USDummy1_05-09",-0.1563145,0.0176041,0.0449415,0.1925014
"6","AllCountriesFemaleNoLag","05-09","2010","USDummy1_05-09_YearDecade2010","USDummy1_YearDecade2010",0.4864603,"USDummy1_05-09",-0.1563145,0.0176041,0.0440343,0.3917842
"7","AllCountriesFemaleNoLag","05-09","1960","USDummy1_05-09_YearDecade1960","USDummy1_YearDecade1960",0.156167,"USDummy1_05-09",-0.1563145,0.0176041,0.0134353,0.0308919
"8","AllCountriesFemaleNoLag","05-09","1990","USDummy1_05-09_YearDecade1990","USDummy1_YearDecade1990",0.3692665,"USDummy1_05-09",-0.1563145,0.0176041,0.0076878,0.2382439
"9","AllCountriesFemaleNoLag","10-19","2010","USDummy1_10-19_YearDecade2010","USDummy1_YearDecade2010",0.4864603,"USDummy1_10-19",0,0.0176041,0,0.5040644
"10","AllCountriesFemaleNoLag","10-19","1990","USDummy1_10-19_YearDecade1990","USDummy1_YearDecade1990",0.3692665,"USDummy1_10-19",0,0.0176041,0,0.3868706
"11","AllCountriesFemaleNoLag","10-19","1960","USDummy1_10-19_YearDecade1960","USDummy1_YearDecade1960",0.156167,"USDummy1_10-19",0,0.0176041,0,0.1737711
"12","AllCountriesFemaleNoLag","10-19","2000","USDummy1_10-19_YearDecade2000","USDummy1_YearDecade2000",0.440163,"USDummy1_10-19",0,0.0176041,0,0.4577671
"13","AllCountriesFemaleNoLag","10-19","1980","USDummy1_10-19_YearDecade1980","USDummy1_YearDecade1980",0.2862703,"USDummy1_10-19",0,0.0176041,0,0.3038744
"14","AllCountriesFemaleNoLag","10-19","1970","USDummy1_10-19_YearDecade1970","USDummy1_YearDecade1970",0.1977787,"USDummy1_10-19",0,0.0176041,0,0.2153828
"15","AllCountriesFemaleNoLag","10-19","1950","USDummy1_10-19_YearDecade1950","USDummy1_YearDecade1950",0,"USDummy1_10-19",0,0.0176041,0,0.0176041
"16","AllCountriesFemaleNoLag","10-19","1940","USDummy1_10-19_YearDecade1940","USDummy1_YearDecade1940",-0.353082,"USDummy1_10-19",0,0.0176041,0,-0.3354779
"17","AllCountriesFemaleNoLag","20-29","1960","USDummy1_20-29_YearDecade1960","USDummy1_YearDecade1960",0.156167,"USDummy1_20-29",0.0025292,0.0176041,0.1071313,0.2834316
"18","AllCountriesFemaleNoLag","20-29","1980","USDummy1_20-29_YearDecade1980","USDummy1_YearDecade1980",0.2862703,"USDummy1_20-29",0.0025292,0.0176041,0.0717863,0.3781899
"19","AllCountriesFemaleNoLag","20-29","1970","USDummy1_20-29_YearDecade1970","USDummy1_YearDecade1970",0.1977787,"USDummy1_20-29",0.0025292,0.0176041,0.1326765,0.3505885
"20","AllCountriesFemaleNoLag","20-29","1940","USDummy1_20-29_YearDecade1940","USDummy1_YearDecade1940",-0.353082,"USDummy1_20-29",0.0025292,0.0176041,0.0372971,-0.2956516
"21","AllCountriesFemaleNoLag","20-29","2000","USDummy1_20-29_YearDecade2000","USDummy1_YearDecade2000",0.440163,"USDummy1_20-29",0.0025292,0.0176041,0.1580339,0.6183302
"22","AllCountriesFemaleNoLag","80","1970","USDummy1_80_YearDecade1970","USDummy1_YearDecade1970",0.1977787,"USDummy1_80",-0.2007358,0.0176041,-0.1567749,-0.1421279
"23","AllCountriesFemaleNoLag","80","1960","USDummy1_80_YearDecade1960","USDummy1_YearDecade1960",0.156167,"USDummy1_80",-0.2007358,0.0176041,-0.0941712,-0.1211359
"24","AllCountriesFemaleNoLag","30-39","1950","USDummy1_30-39_YearDecade1950","USDummy1_YearDecade1950",0,"USDummy1_30-39",0.0671054,0.0176041,0,0.0847095
"25","AllCountriesFemaleNoLag","30-39","1990","USDummy1_30-39_YearDecade1990","USDummy1_YearDecade1990",0.3692665,"USDummy1_30-39",0.0671054,0.0176041,-0.0267758,0.4272002
"26","AllCountriesFemaleNoLag","30-39","1940","USDummy1_30-39_YearDecade1940","USDummy1_YearDecade1940",-0.353082,"USDummy1_30-39",0.0671054,0.0176041,0.2187925,-0.04958
"27","AllCountriesFemaleNoLag","30-39","2000","USDummy1_30-39_YearDecade2000","USDummy1_YearDecade2000",0.440163,"USDummy1_30-39",0.0671054,0.0176041,0.0620536,0.5869261
"28","AllCountriesFemaleNoLag","30-39","1960","USDummy1_30-39_YearDecade1960","USDummy1_YearDecade1960",0.156167,"USDummy1_30-39",0.0671054,0.0176041,0.0674108,0.3082873
"29","AllCountriesFemaleNoLag","30-39","2010","USDummy1_30-39_YearDecade2010","USDummy1_YearDecade2010",0.4864603,"USDummy1_30-39",0.0671054,0.0176041,0.2345454,0.8057152
"30","AllCountriesFemaleNoLag","30-39","1970","USDummy1_30-39_YearDecade1970","USDummy1_YearDecade1970",0.1977787,"USDummy1_30-39",0.0671054,0.0176041,0.0265009,0.3089891
"31","AllCountriesFemaleNoLag","30-39","1980","USDummy1_30-39_YearDecade1980","USDummy1_YearDecade1980",0.2862703,"USDummy1_30-39",0.0671054,0.0176041,-0.072767,0.2982128
"32","AllCountriesFemaleNoLag","40-49","1970","USDummy1_40-49_YearDecade1970","USDummy1_YearDecade1970",0.1977787,"USDummy1_40-49",0.1654507,0.0176041,-0.0819076,0.2989259
"33","AllCountriesFemaleNoLag","40-49","1950","USDummy1_40-49_YearDecade1950","USDummy1_YearDecade1950",0,"USDummy1_40-49",0.1654507,0.0176041,0,0.1830548
"34","AllCountriesFemaleNoLag","40-49","2000","USDummy1_40-49_YearDecade2000","USDummy1_YearDecade2000",0.440163,"USDummy1_40-49",0.1654507,0.0176041,-0.1257852,0.4974326
"35","AllCountriesFemaleNoLag","40-49","1980","USDummy1_40-49_YearDecade1980","USDummy1_YearDecade1980",0.2862703,"USDummy1_40-49",0.1654507,0.0176041,-0.2133259,0.2559992
"36","AllCountriesFemaleNoLag","40-49","2010","USDummy1_40-49_YearDecade2010","USDummy1_YearDecade2010",0.4864603,"USDummy1_40-49",0.1654507,0.0176041,-0.0538789,0.6156362
"37","AllCountriesFemaleNoLag","40-49","1960","USDummy1_40-49_YearDecade1960","USDummy1_YearDecade1960",0.156167,"USDummy1_40-49",0.1654507,0.0176041,-0.0465827,0.2926391
"38","AllCountriesFemaleNoLag","40-49","1940","USDummy1_40-49_YearDecade1940","USDummy1_YearDecade1940",-0.353082,"USDummy1_40-49",0.1654507,0.0176041,0.2939154,0.1238882
"39","AllCountriesFemaleNoLag","40-49","1990","USDummy1_40-49_YearDecade1990","USDummy1_YearDecade1990",0.3692665,"USDummy1_40-49",0.1654507,0.0176041,-0.248163,0.3041583
"40","AllCountriesFemaleNoLag","50-59","1990","USDummy1_50-59_YearDecade1990","USDummy1_YearDecade1990",0.3692665,"USDummy1_50-59",0.1589497,0.0176041,-0.2269868,0.3188335
"41","AllCountriesFemaleNoLag","50-59","1980","USDummy1_50-59_YearDecade1980","USDummy1_YearDecade1980",0.2862703,"USDummy1_50-59",0.1589497,0.0176041,-0.1951449,0.2676792
"42","AllCountriesFemaleNoLag","50-59","1970","USDummy1_50-59_YearDecade1970","USDummy1_YearDecade1970",0.1977787,"USDummy1_50-59",0.1589497,0.0176041,-0.1378018,0.2365307
"43","AllCountriesFemaleNoLag","50-59","2010","USDummy1_50-59_YearDecade2010","USDummy1_YearDecade2010",0.4864603,"USDummy1_50-59",0.1589497,0.0176041,-0.1743942,0.4886199
"44","AllCountriesFemaleNoLag","50-59","1940","USDummy1_50-59_YearDecade1940","USDummy1_YearDecade1940",-0.353082,"USDummy1_50-59",0.1589497,0.0176041,0.3432677,0.1667395
"45","AllCountriesFemaleNoLag","50-59","2000","USDummy1_50-59_YearDecade2000","USDummy1_YearDecade2000",0.440163,"USDummy1_50-59",0.1589497,0.0176041,-0.241601,0.3751158
"46","AllCountriesFemaleNoLag","50-59","1950","USDummy1_50-59_YearDecade1950","USDummy1_YearDecade1950",0,"USDummy1_50-59",0.1589497,0.0176041,0,0.1765538
"47","AllCountriesFemaleNoLag","60-69","1950","USDummy1_60-69_YearDecade1950","USDummy1_YearDecade1950",0,"USDummy1_60-69",0.0309399,0.0176041,0,0.048544
"48","AllCountriesFemaleNoLag","60-69","1970","USDummy1_60-69_YearDecade1970","USDummy1_YearDecade1970",0.1977787,"USDummy1_60-69",0.0309399,0.0176041,-0.1270676,0.1192551
"49","AllCountriesFemaleNoLag","20-29","1950","USDummy1_20-29_YearDecade1950","USDummy1_YearDecade1950",0,"USDummy1_20-29",0.0025292,0.0176041,0,0.0201333
"50","AllCountriesFemaleNoLag","60-69","2000","USDummy1_60-69_YearDecade2000","USDummy1_YearDecade2000",0.440163,"USDummy1_60-69",0.0309399,0.0176041,-0.1094329,0.3792741
"51","AllCountriesFemaleNoLag","60-69","1980","USDummy1_60-69_YearDecade1980","USDummy1_YearDecade1980",0.2862703,"USDummy1_60-69",0.0309399,0.0176041,-0.1312294,0.2035849
"52","AllCountriesFemaleNoLag","60-69","2010","USDummy1_60-69_YearDecade2010","USDummy1_YearDecade2010",0.4864603,"USDummy1_60-69",0.0309399,0.0176041,-0.1566709,0.3783334
"53","AllCountriesFemaleNoLag","60-69","1940","USDummy1_60-69_YearDecade1940","USDummy1_YearDecade1940",-0.353082,"USDummy1_60-69",0.0309399,0.0176041,0.3577732,0.0532352
"54","AllCountriesFemaleNoLag","60-69","1990","USDummy1_60-69_YearDecade1990","USDummy1_YearDecade1990",0.3692665,"USDummy1_60-69",0.0309399,0.0176041,-0.1326475,0.285163
"55","AllCountriesFemaleNoLag","70-79","1990","USDummy1_70-79_YearDecade1990","USDummy1_YearDecade1990",0.3692665,"USDummy1_70-79",-0.1141353,0.0176041,-0.1753214,0.0974139
"56","AllCountriesFemaleNoLag","70-79","1940","USDummy1_70-79_YearDecade1940","USDummy1_YearDecade1940",-0.353082,"USDummy1_70-79",-0.1141353,0.0176041,0.4080004,-0.0416128
"57","AllCountriesFemaleNoLag","80","2000","USDummy1_80_YearDecade2000","USDummy1_YearDecade2000",0.440163,"USDummy1_80",-0.2007358,0.0176041,-0.1410691,0.1159622
"58","AllCountriesFemaleNoLag","70-79","1950","USDummy1_70-79_YearDecade1950","USDummy1_YearDecade1950",0,"USDummy1_70-79",-0.1141353,0.0176041,0,-0.0965312
"59","AllCountriesFemaleNoLag","70-79","1960","USDummy1_70-79_YearDecade1960","USDummy1_YearDecade1960",0.156167,"USDummy1_70-79",-0.1141353,0.0176041,-0.1463206,-0.0866848
"60","AllCountriesFemaleNoLag","70-79","1970","USDummy1_70-79_YearDecade1970","USDummy1_YearDecade1970",0.1977787,"USDummy1_70-79",-0.1141353,0.0176041,-0.1662541,-0.0650066
"61","AllCountriesFemaleNoLag","70-79","2000","USDummy1_70-79_YearDecade2000","USDummy1_YearDecade2000",0.440163,"USDummy1_70-79",-0.1141353,0.0176041,-0.1131993,0.2304325
"62","AllCountriesFemaleNoLag","80","1990","USDummy1_80_YearDecade1990","USDummy1_YearDecade1990",0.3692665,"USDummy1_80",-0.2007358,0.0176041,-0.184112,0.00202280000000001
"63","AllCountriesFemaleNoLag","20-29","1990","USDummy1_20-29_YearDecade1990","USDummy1_YearDecade1990",0.3692665,"USDummy1_20-29",0.0025292,0.0176041,0.0503495,0.4397493
"64","AllCountriesFemaleNoLag","20-29","2010","USDummy1_20-29_YearDecade2010","USDummy1_YearDecade2010",0.4864603,"USDummy1_20-29",0.0025292,0.0176041,0.3576208,0.8642144
"65","AllCountriesFemaleNoLag","80","2010","USDummy1_80_YearDecade2010","USDummy1_YearDecade2010",0.4864603,"USDummy1_80",-0.2007358,0.0176041,-0.1402498,0.1630788
"66","AllCountriesFemaleNoLag","50-59","1960","USDummy1_50-59_YearDecade1960","USDummy1_YearDecade1960",0.156167,"USDummy1_50-59",0.1589497,0.0176041,-0.1057119,0.2270089
"67","AllCountriesFemaleNoLag","80","1940","USDummy1_80_YearDecade1940","USDummy1_YearDecade1940",-0.353082,"USDummy1_80",-0.2007358,0.0176041,0.3751061,-0.1611076
"68","AllCountriesFemaleNoLag","80","1980","USDummy1_80_YearDecade1980","USDummy1_YearDecade1980",0.2862703,"USDummy1_80",-0.2007358,0.0176041,-0.2021671,-0.0990285
"69","AllCountriesFemaleNoLag","80","1950","USDummy1_80_YearDecade1950","USDummy1_YearDecade1950",0,"USDummy1_80",-0.2007358,0.0176041,0,-0.1831317
"70","AllCountriesFemaleNoLag","60-69","1960","USDummy1_60-69_YearDecade1960","USDummy1_YearDecade1960",0.156167,"USDummy1_60-69",0.0309399,0.0176041,-0.0997184,0.1049926
"71","AllCountriesFemaleNoLag","70-79","1980","USDummy1_70-79_YearDecade1980","USDummy1_YearDecade1980",0.2862703,"USDummy1_70-79",-0.1141353,0.0176041,-0.1933268,-0.00358770000000001
"72","AllCountriesFemaleNoLag","70-79","2010","USDummy1_70-79_YearDecade2010","USDummy1_YearDecade2010",0.4864603,"USDummy1_70-79",-0.1141353,0.0176041,-0.0994323,0.2904968
"73","AllCountriesMaleNoLag","20-29","1970","USDummy1_20-29_YearDecade1970","USDummy1_YearDecade1970",0.1195278,"USDummy1_20-29",0.0372836,0.1340899,0.1962619,0.4871632
"74","AllCountriesMaleNoLag","05-09","1980","USDummy1_05-09_YearDecade1980","USDummy1_YearDecade1980",0.1771794,"USDummy1_05-09",-0.3335911,0.1340899,0.147399,0.1250772
"75","AllCountriesMaleNoLag","30-39","2000","USDummy1_30-39_YearDecade2000","USDummy1_YearDecade2000",0.3543,"USDummy1_30-39",0.0472057,0.1340899,-0.0445379,0.4910577
"76","AllCountriesMaleNoLag","30-39","1970","USDummy1_30-39_YearDecade1970","USDummy1_YearDecade1970",0.1195278,"USDummy1_30-39",0.0472057,0.1340899,0.0739011,0.3747245
"77","AllCountriesMaleNoLag","30-39","2010","USDummy1_30-39_YearDecade2010","USDummy1_YearDecade2010",0.4773056,"USDummy1_30-39",0.0472057,0.1340899,0.0997526,0.7583538
"78","AllCountriesMaleNoLag","10-19","1950","USDummy1_10-19_YearDecade1950","USDummy1_YearDecade1950",0,"USDummy1_10-19",0,0.1340899,0,0.1340899
"79","AllCountriesMaleNoLag","30-39","1940","USDummy1_30-39_YearDecade1940","USDummy1_YearDecade1940",-0.3414614,"USDummy1_30-39",0.0472057,0.1340899,0.1102653,-0.0499005
"80","AllCountriesMaleNoLag","40-49","1940","USDummy1_40-49_YearDecade1940","USDummy1_YearDecade1940",-0.3414614,"USDummy1_40-49",0.1855136,0.1340899,0.1738436,0.1519857
"81","AllCountriesMaleNoLag","40-49","2000","USDummy1_40-49_YearDecade2000","USDummy1_YearDecade2000",0.3543,"USDummy1_40-49",0.1855136,0.1340899,-0.2514313,0.4224722
"82","AllCountriesMaleNoLag","30-39","1990","USDummy1_30-39_YearDecade1990","USDummy1_YearDecade1990",0.326954,"USDummy1_30-39",0.0472057,0.1340899,-0.0256791,0.4825705
"83","AllCountriesMaleNoLag","40-49","2010","USDummy1_40-49_YearDecade2010","USDummy1_YearDecade2010",0.4773056,"USDummy1_40-49",0.1855136,0.1340899,-0.2725156,0.5243935
"84","AllCountriesMaleNoLag","40-49","1960","USDummy1_40-49_YearDecade1960","USDummy1_YearDecade1960",0.0686398,"USDummy1_40-49",0.1855136,0.1340899,-0.0332428,0.3550005
"85","AllCountriesMaleNoLag","40-49","1970","USDummy1_40-49_YearDecade1970","USDummy1_YearDecade1970",0.1195278,"USDummy1_40-49",0.1855136,0.1340899,-0.1484274,0.2907039
"86","AllCountriesMaleNoLag","40-49","1950","USDummy1_40-49_YearDecade1950","USDummy1_YearDecade1950",0,"USDummy1_40-49",0.1855136,0.1340899,0,0.3196035
"87","AllCountriesMaleNoLag","30-39","1960","USDummy1_30-39_YearDecade1960","USDummy1_YearDecade1960",0.0686398,"USDummy1_30-39",0.0472057,0.1340899,0.0622853,0.3122207
"88","AllCountriesMaleNoLag","50-59","1990","USDummy1_50-59_YearDecade1990","USDummy1_YearDecade1990",0.326954,"USDummy1_50-59",0.1369148,0.1340899,-0.392292,0.2056667
"89","AllCountriesMaleNoLag","30-39","1950","USDummy1_30-39_YearDecade1950","USDummy1_YearDecade1950",0,"USDummy1_30-39",0.0472057,0.1340899,0,0.1812956
"90","AllCountriesMaleNoLag","30-39","1980","USDummy1_30-39_YearDecade1980","USDummy1_YearDecade1980",0.1771794,"USDummy1_30-39",0.0472057,0.1340899,0.0884712,0.4469462
"91","AllCountriesMaleNoLag","05-09","1990","USDummy1_05-09_YearDecade1990","USDummy1_YearDecade1990",0.326954,"USDummy1_05-09",-0.3335911,0.1340899,0.0871428,0.2145956
"92","AllCountriesMaleNoLag","05-09","1940","USDummy1_05-09_YearDecade1940","USDummy1_YearDecade1940",-0.3414614,"USDummy1_05-09",-0.3335911,0.1340899,0.147621,-0.3933416
"93","AllCountriesMaleNoLag","05-09","1970","USDummy1_05-09_YearDecade1970","USDummy1_YearDecade1970",0.1195278,"USDummy1_05-09",-0.3335911,0.1340899,0.0772922,-0.00268119999999995
"94","AllCountriesMaleNoLag","05-09","2000","USDummy1_05-09_YearDecade2000","USDummy1_YearDecade2000",0.3543,"USDummy1_05-09",-0.3335911,0.1340899,0.1513253,0.3061241
"95","AllCountriesMaleNoLag","40-49","1990","USDummy1_40-49_YearDecade1990","USDummy1_YearDecade1990",0.326954,"USDummy1_40-49",0.1855136,0.1340899,-0.2864815,0.360076
"96","AllCountriesMaleNoLag","05-09","1960","USDummy1_05-09_YearDecade1960","USDummy1_YearDecade1960",0.0686398,"USDummy1_05-09",-0.3335911,0.1340899,0.0388989,-0.0919625
"97","AllCountriesMaleNoLag","60-69","2010","USDummy1_60-69_YearDecade2010","USDummy1_YearDecade2010",0.4773056,"USDummy1_60-69",0.0203406,0.1340899,-0.3920751,0.239661
"98","AllCountriesMaleNoLag","10-19","1940","USDummy1_10-19_YearDecade1940","USDummy1_YearDecade1940",-0.3414614,"USDummy1_10-19",0,0.1340899,0,-0.2073715
"99","AllCountriesMaleNoLag","10-19","2010","USDummy1_10-19_YearDecade2010","USDummy1_YearDecade2010",0.4773056,"USDummy1_10-19",0,0.1340899,0,0.6113955
"100","AllCountriesMaleNoLag","10-19","1990","USDummy1_10-19_YearDecade1990","USDummy1_YearDecade1990",0.326954,"USDummy1_10-19",0,0.1340899,0,0.4610439
"101","AllCountriesMaleNoLag","10-19","2000","USDummy1_10-19_YearDecade2000","USDummy1_YearDecade2000",0.3543,"USDummy1_10-19",0,0.1340899,0,0.4883899
"102","AllCountriesMaleNoLag","50-59","2000","USDummy1_50-59_YearDecade2000","USDummy1_YearDecade2000",0.3543,"USDummy1_50-59",0.1369148,0.1340899,-0.3337039,0.2916008
"103","AllCountriesMaleNoLag","05-09","1950","USDummy1_05-09_YearDecade1950","USDummy1_YearDecade1950",0,"USDummy1_05-09",-0.3335911,0.1340899,0,-0.1995012
"104","AllCountriesMaleNoLag","10-19","1980","USDummy1_10-19_YearDecade1980","USDummy1_YearDecade1980",0.1771794,"USDummy1_10-19",0,0.1340899,0,0.3112693
"105","AllCountriesMaleNoLag","20-29","1940","USDummy1_20-29_YearDecade1940","USDummy1_YearDecade1940",-0.3414614,"USDummy1_20-29",0.0372836,0.1340899,-0.1304825,-0.3005704
"106","AllCountriesMaleNoLag","20-29","1950","USDummy1_20-29_YearDecade1950","USDummy1_YearDecade1950",0,"USDummy1_20-29",0.0372836,0.1340899,0,0.1713735
"107","AllCountriesMaleNoLag","20-29","1980","USDummy1_20-29_YearDecade1980","USDummy1_YearDecade1980",0.1771794,"USDummy1_20-29",0.0372836,0.1340899,0.1082405,0.4567934
"108","AllCountriesMaleNoLag","20-29","1990","USDummy1_20-29_YearDecade1990","USDummy1_YearDecade1990",0.326954,"USDummy1_20-29",0.0372836,0.1340899,-0.0423396,0.4559879
"109","AllCountriesMaleNoLag","20-29","1960","USDummy1_20-29_YearDecade1960","USDummy1_YearDecade1960",0.0686398,"USDummy1_20-29",0.0372836,0.1340899,0.1032273,0.3432406
"110","AllCountriesMaleNoLag","20-29","2000","USDummy1_20-29_YearDecade2000","USDummy1_YearDecade2000",0.3543,"USDummy1_20-29",0.0372836,0.1340899,0.0937976,0.6194711
"111","AllCountriesMaleNoLag","80","1960","USDummy1_80_YearDecade1960","USDummy1_YearDecade1960",0.0686398,"USDummy1_80",-0.2349263,0.1340899,-0.020273,-0.0524696
"112","AllCountriesMaleNoLag","20-29","2010","USDummy1_20-29_YearDecade2010","USDummy1_YearDecade2010",0.4773056,"USDummy1_20-29",0.0372836,0.1340899,0.2503357,0.8990148
"113","AllCountriesMaleNoLag","80","2000","USDummy1_80_YearDecade2000","USDummy1_YearDecade2000",0.3543,"USDummy1_80",-0.2349263,0.1340899,-0.2649639,-0.0115003
"114","AllCountriesMaleNoLag","80","1980","USDummy1_80_YearDecade1980","USDummy1_YearDecade1980",0.1771794,"USDummy1_80",-0.2349263,0.1340899,-0.1336512,-0.0573082
"115","AllCountriesMaleNoLag","80","1970","USDummy1_80_YearDecade1970","USDummy1_YearDecade1970",0.1195278,"USDummy1_80",-0.2349263,0.1340899,-0.0900549,-0.0713635
"116","AllCountriesMaleNoLag","80","2010","USDummy1_80_YearDecade2010","USDummy1_YearDecade2010",0.4773056,"USDummy1_80",-0.2349263,0.1340899,-0.3603982,0.016071
"117","AllCountriesMaleNoLag","80","1990","USDummy1_80_YearDecade1990","USDummy1_YearDecade1990",0.326954,"USDummy1_80",-0.2349263,0.1340899,-0.2505775,-0.0244599
"118","AllCountriesMaleNoLag","80","1940","USDummy1_80_YearDecade1940","USDummy1_YearDecade1940",-0.3414614,"USDummy1_80",-0.2349263,0.1340899,0.3258028,-0.116495
"119","AllCountriesMaleNoLag","50-59","1980","USDummy1_50-59_YearDecade1980","USDummy1_YearDecade1980",0.1771794,"USDummy1_50-59",0.1369148,0.1340899,-0.2729981,0.175186
"120","AllCountriesMaleNoLag","50-59","1940","USDummy1_50-59_YearDecade1940","USDummy1_YearDecade1940",-0.3414614,"USDummy1_50-59",0.1369148,0.1340899,0.3184616,0.2480049
"121","AllCountriesMaleNoLag","50-59","1950","USDummy1_50-59_YearDecade1950","USDummy1_YearDecade1950",0,"USDummy1_50-59",0.1369148,0.1340899,0,0.2710047
"122","AllCountriesMaleNoLag","05-09","2010","USDummy1_05-09_YearDecade2010","USDummy1_YearDecade2010",0.4773056,"USDummy1_05-09",-0.3335911,0.1340899,0.1269129,0.4047173
"123","AllCountriesMaleNoLag","60-69","1970","USDummy1_60-69_YearDecade1970","USDummy1_YearDecade1970",0.1195278,"USDummy1_60-69",0.0203406,0.1340899,-0.1425617,0.1313966
"124","AllCountriesMaleNoLag","70-79","2010","USDummy1_70-79_YearDecade2010","USDummy1_YearDecade2010",0.4773056,"USDummy1_70-79",-0.1623178,0.1340899,-0.3458496,0.1032281
"125","AllCountriesMaleNoLag","60-69","1940","USDummy1_60-69_YearDecade1940","USDummy1_YearDecade1940",-0.3414614,"USDummy1_60-69",0.0203406,0.1340899,0.3109228,0.1238919
"126","AllCountriesMaleNoLag","60-69","2000","USDummy1_60-69_YearDecade2000","USDummy1_YearDecade2000",0.3543,"USDummy1_60-69",0.0203406,0.1340899,-0.3372042,0.1715263
"127","AllCountriesMaleNoLag","40-49","1980","USDummy1_40-49_YearDecade1980","USDummy1_YearDecade1980",0.1771794,"USDummy1_40-49",0.1855136,0.1340899,-0.2399596,0.2568233
"128","AllCountriesMaleNoLag","60-69","1990","USDummy1_60-69_YearDecade1990","USDummy1_YearDecade1990",0.326954,"USDummy1_60-69",0.0203406,0.1340899,-0.3694698,0.1119147
"129","AllCountriesMaleNoLag","10-19","1960","USDummy1_10-19_YearDecade1960","USDummy1_YearDecade1960",0.0686398,"USDummy1_10-19",0,0.1340899,0,0.2027297
"130","AllCountriesMaleNoLag","50-59","1970","USDummy1_50-59_YearDecade1970","USDummy1_YearDecade1970",0.1195278,"USDummy1_50-59",0.1369148,0.1340899,-0.1529232,0.2376093
"131","AllCountriesMaleNoLag","50-59","2010","USDummy1_50-59_YearDecade2010","USDummy1_YearDecade2010",0.4773056,"USDummy1_50-59",0.1369148,0.1340899,-0.3326722,0.4156381
"132","AllCountriesMaleNoLag","70-79","1960","USDummy1_70-79_YearDecade1960","USDummy1_YearDecade1960",0.0686398,"USDummy1_70-79",-0.1623178,0.1340899,-0.0509072,-0.0104953
"133","AllCountriesMaleNoLag","70-79","1940","USDummy1_70-79_YearDecade1940","USDummy1_YearDecade1940",-0.3414614,"USDummy1_70-79",-0.1623178,0.1340899,0.3548142,-0.0148750999999999
"134","AllCountriesMaleNoLag","70-79","1980","USDummy1_70-79_YearDecade1980","USDummy1_YearDecade1980",0.1771794,"USDummy1_70-79",-0.1623178,0.1340899,-0.1557867,-0.00683520000000001
"135","AllCountriesMaleNoLag","70-79","2000","USDummy1_70-79_YearDecade2000","USDummy1_YearDecade2000",0.3543,"USDummy1_70-79",-0.1623178,0.1340899,-0.2832372,0.0428349
"136","AllCountriesMaleNoLag","70-79","1950","USDummy1_70-79_YearDecade1950","USDummy1_YearDecade1950",0,"USDummy1_70-79",-0.1623178,0.1340899,0,-0.0282279
"137","AllCountriesMaleNoLag","50-59","1960","USDummy1_50-59_YearDecade1960","USDummy1_YearDecade1960",0.0686398,"USDummy1_50-59",0.1369148,0.1340899,-0.0520571,0.2875874
"138","AllCountriesMaleNoLag","70-79","1990","USDummy1_70-79_YearDecade1990","USDummy1_YearDecade1990",0.326954,"USDummy1_70-79",-0.1623178,0.1340899,-0.2987151,1.1000000000011e-05
"139","AllCountriesMaleNoLag","80","1950","USDummy1_80_YearDecade1950","USDummy1_YearDecade1950",0,"USDummy1_80",-0.2349263,0.1340899,0,-0.1008364
"140","AllCountriesMaleNoLag","60-69","1950","USDummy1_60-69_YearDecade1950","USDummy1_YearDecade1950",0,"USDummy1_60-69",0.0203406,0.1340899,0,0.1544305
"141","AllCountriesMaleNoLag","60-69","1980","USDummy1_60-69_YearDecade1980","USDummy1_YearDecade1980",0.1771794,"USDummy1_60-69",0.0203406,0.1340899,-0.2249364,0.1066735
"142","AllCountriesMaleNoLag","10-19","1970","USDummy1_10-19_YearDecade1970","USDummy1_YearDecade1970",0.1195278,"USDummy1_10-19",0,0.1340899,0,0.2536177
"143","AllCountriesMaleNoLag","70-79","1970","USDummy1_70-79_YearDecade1970","USDummy1_YearDecade1970",0.1195278,"USDummy1_70-79",-0.1623178,0.1340899,-0.1076084,-0.0163085
"144","AllCountriesMaleNoLag","60-69","1960","USDummy1_60-69_YearDecade1960","USDummy1_YearDecade1960",0.0686398,"USDummy1_60-69",0.0203406,0.1340899,-0.0752084,0.1478619
"145","AllCountriesTotalNoLag","40-49","1960","USDummy1_40-49_YearDecade1960","USDummy1_YearDecade1960",0.1027517,"USDummy1_40-49",0.180295,0.0787227,-0.0373042,0.3244652
"146","AllCountriesTotalNoLag","30-39","1940","USDummy1_30-39_YearDecade1940","USDummy1_YearDecade1940",-0.352179,"USDummy1_30-39",0.0527497,0.0787227,0.1576403,-0.0630663
"147","AllCountriesTotalNoLag","30-39","2010","USDummy1_30-39_YearDecade2010","USDummy1_YearDecade2010",0.4811302,"USDummy1_30-39",0.0527497,0.0787227,0.1531244,0.765727
"148","AllCountriesTotalNoLag","30-39","1960","USDummy1_30-39_YearDecade1960","USDummy1_YearDecade1960",0.1027517,"USDummy1_30-39",0.0527497,0.0787227,0.0614358,0.2956599
"149","AllCountriesTotalNoLag","40-49","1990","USDummy1_40-49_YearDecade1990","USDummy1_YearDecade1990",0.3454351,"USDummy1_40-49",0.180295,0.0787227,-0.2769107,0.3275421
"150","AllCountriesTotalNoLag","05-09","2010","USDummy1_05-09_YearDecade2010","USDummy1_YearDecade2010",0.4811302,"USDummy1_05-09",-0.2647154,0.0787227,0.0842323,0.3793698
"151","AllCountriesTotalNoLag","30-39","2000","USDummy1_30-39_YearDecade2000","USDummy1_YearDecade2000",0.3858089,"USDummy1_30-39",0.0527497,0.0787227,-0.00389979999999999,0.5133815
"152","AllCountriesTotalNoLag","30-39","1980","USDummy1_30-39_YearDecade1980","USDummy1_YearDecade1980",0.2167137,"USDummy1_30-39",0.0527497,0.0787227,0.037612,0.3857981
"153","AllCountriesTotalNoLag","20-29","1970","USDummy1_20-29_YearDecade1970","USDummy1_YearDecade1970",0.1517614,"USDummy1_20-29",0.0149495,0.0787227,0.1866819,0.4321155
"154","AllCountriesTotalNoLag","20-29","2000","USDummy1_20-29_YearDecade2000","USDummy1_YearDecade2000",0.3858089,"USDummy1_20-29",0.0149495,0.0787227,0.1342915,0.6137726
"155","AllCountriesTotalNoLag","20-29","1960","USDummy1_20-29_YearDecade1960","USDummy1_YearDecade1960",0.1027517,"USDummy1_20-29",0.0149495,0.0787227,0.1047249,0.3011488
"156","AllCountriesTotalNoLag","30-39","1990","USDummy1_30-39_YearDecade1990","USDummy1_YearDecade1990",0.3454351,"USDummy1_30-39",0.0527497,0.0787227,-0.0217305,0.455177
"157","AllCountriesTotalNoLag","20-29","1980","USDummy1_20-29_YearDecade1980","USDummy1_YearDecade1980",0.2167137,"USDummy1_20-29",0.0149495,0.0787227,0.1145838,0.4249697
"158","AllCountriesTotalNoLag","20-29","1990","USDummy1_20-29_YearDecade1990","USDummy1_YearDecade1990",0.3454351,"USDummy1_20-29",0.0149495,0.0787227,0.00628770000000001,0.445395
"159","AllCountriesTotalNoLag","80","1980","USDummy1_80_YearDecade1980","USDummy1_YearDecade1980",0.2167137,"USDummy1_80",-0.2239024,0.0787227,-0.1627287,-0.0911947
"160","AllCountriesTotalNoLag","80","1990","USDummy1_80_YearDecade1990","USDummy1_YearDecade1990",0.3454351,"USDummy1_80",-0.2239024,0.0787227,-0.216934,-0.0166786
"161","AllCountriesTotalNoLag","80","1970","USDummy1_80_YearDecade1970","USDummy1_YearDecade1970",0.1517614,"USDummy1_80",-0.2239024,0.0787227,-0.1201164,-0.1135347
"162","AllCountriesTotalNoLag","30-39","1970","USDummy1_30-39_YearDecade1970","USDummy1_YearDecade1970",0.1517614,"USDummy1_30-39",0.0527497,0.0787227,0.0518617,0.3350955
"163","AllCountriesTotalNoLag","80","2010","USDummy1_80_YearDecade2010","USDummy1_YearDecade2010",0.4811302,"USDummy1_80",-0.2239024,0.0787227,-0.2572593,0.0786912
"164","AllCountriesTotalNoLag","80","2000","USDummy1_80_YearDecade2000","USDummy1_YearDecade2000",0.3858089,"USDummy1_80",-0.2239024,0.0787227,-0.1935929,0.0470363
"165","AllCountriesTotalNoLag","80","1960","USDummy1_80_YearDecade1960","USDummy1_YearDecade1960",0.1027517,"USDummy1_80",-0.2239024,0.0787227,-0.0490784,-0.0915064
"166","AllCountriesTotalNoLag","80","1950","USDummy1_80_YearDecade1950","USDummy1_YearDecade1950",0,"USDummy1_80",-0.2239024,0.0787227,0,-0.1451797
"167","AllCountriesTotalNoLag","05-09","1960","USDummy1_05-09_YearDecade1960","USDummy1_YearDecade1960",0.1027517,"USDummy1_05-09",-0.2647154,0.0787227,0.029865,-0.053376
"168","AllCountriesTotalNoLag","30-39","1950","USDummy1_30-39_YearDecade1950","USDummy1_YearDecade1950",0,"USDummy1_30-39",0.0527497,0.0787227,0,0.1314724
"169","AllCountriesTotalNoLag","20-29","1950","USDummy1_20-29_YearDecade1950","USDummy1_YearDecade1950",0,"USDummy1_20-29",0.0149495,0.0787227,0,0.0936722
"170","AllCountriesTotalNoLag","20-29","2010","USDummy1_20-29_YearDecade2010","USDummy1_YearDecade2010",0.4811302,"USDummy1_20-29",0.0149495,0.0787227,0.3072771,0.8820795
"171","AllCountriesTotalNoLag","40-49","2000","USDummy1_40-49_YearDecade2000","USDummy1_YearDecade2000",0.3858089,"USDummy1_40-49",0.180295,0.0787227,-0.2061635,0.4386631
"172","AllCountriesTotalNoLag","40-49","1940","USDummy1_40-49_YearDecade1940","USDummy1_YearDecade1940",-0.352179,"USDummy1_40-49",0.180295,0.0787227,0.2315868,0.1384255
"173","AllCountriesTotalNoLag","40-49","1970","USDummy1_40-49_YearDecade1970","USDummy1_YearDecade1970",0.1517614,"USDummy1_40-49",0.180295,0.0787227,-0.1327199,0.2780592
"174","AllCountriesTotalNoLag","40-49","2010","USDummy1_40-49_YearDecade2010","USDummy1_YearDecade2010",0.4811302,"USDummy1_40-49",0.180295,0.0787227,-0.1919655,0.5481824
"175","AllCountriesTotalNoLag","80","1940","USDummy1_80_YearDecade1940","USDummy1_YearDecade1940",-0.352179,"USDummy1_80",-0.2239024,0.0787227,0.357657,-0.1397017
"176","AllCountriesTotalNoLag","50-59","1990","USDummy1_50-59_YearDecade1990","USDummy1_YearDecade1990",0.3454351,"USDummy1_50-59",0.1578496,0.0787227,-0.3491244,0.232883
"177","AllCountriesTotalNoLag","50-59","2010","USDummy1_50-59_YearDecade2010","USDummy1_YearDecade2010",0.4811302,"USDummy1_50-59",0.1578496,0.0787227,-0.2862269,0.4314756
"178","AllCountriesTotalNoLag","05-09","2000","USDummy1_05-09_YearDecade2000","USDummy1_YearDecade2000",0.3858089,"USDummy1_05-09",-0.2647154,0.0787227,0.1064582,0.3062744
"179","AllCountriesTotalNoLag","05-09","1950","USDummy1_05-09_YearDecade1950","USDummy1_YearDecade1950",0,"USDummy1_05-09",-0.2647154,0.0787227,0,-0.1859927
"180","AllCountriesTotalNoLag","10-19","1980","USDummy1_10-19_YearDecade1980","USDummy1_YearDecade1980",0.2167137,"USDummy1_10-19",0,0.0787227,0,0.2954364
"181","AllCountriesTotalNoLag","05-09","1970","USDummy1_05-09_YearDecade1970","USDummy1_YearDecade1970",0.1517614,"USDummy1_05-09",-0.2647154,0.0787227,0.0481384,0.0139071
"182","AllCountriesTotalNoLag","70-79","1980","USDummy1_70-79_YearDecade1980","USDummy1_YearDecade1980",0.2167137,"USDummy1_70-79",-0.1364351,0.0787227,-0.1769857,-0.0179844
"183","AllCountriesTotalNoLag","40-49","1950","USDummy1_40-49_YearDecade1950","USDummy1_YearDecade1950",0,"USDummy1_40-49",0.180295,0.0787227,0,0.2590177
"184","AllCountriesTotalNoLag","05-09","1940","USDummy1_05-09_YearDecade1940","USDummy1_YearDecade1940",-0.352179,"USDummy1_05-09",-0.2647154,0.0787227,0.1228368,-0.4153349
"185","AllCountriesTotalNoLag","10-19","1940","USDummy1_10-19_YearDecade1940","USDummy1_YearDecade1940",-0.352179,"USDummy1_10-19",0,0.0787227,0,-0.2734563
"186","AllCountriesTotalNoLag","10-19","1950","USDummy1_10-19_YearDecade1950","USDummy1_YearDecade1950",0,"USDummy1_10-19",0,0.0787227,0,0.0787227
"187","AllCountriesTotalNoLag","10-19","2000","USDummy1_10-19_YearDecade2000","USDummy1_YearDecade2000",0.3858089,"USDummy1_10-19",0,0.0787227,0,0.4645316
"188","AllCountriesTotalNoLag","10-19","2010","USDummy1_10-19_YearDecade2010","USDummy1_YearDecade2010",0.4811302,"USDummy1_10-19",0,0.0787227,0,0.5598529
"189","AllCountriesTotalNoLag","10-19","1970","USDummy1_10-19_YearDecade1970","USDummy1_YearDecade1970",0.1517614,"USDummy1_10-19",0,0.0787227,0,0.2304841
"190","AllCountriesTotalNoLag","10-19","1960","USDummy1_10-19_YearDecade1960","USDummy1_YearDecade1960",0.1027517,"USDummy1_10-19",0,0.0787227,0,0.1814744
"191","AllCountriesTotalNoLag","10-19","1990","USDummy1_10-19_YearDecade1990","USDummy1_YearDecade1990",0.3454351,"USDummy1_10-19",0,0.0787227,0,0.4241578
"192","AllCountriesTotalNoLag","70-79","1940","USDummy1_70-79_YearDecade1940","USDummy1_YearDecade1940",-0.352179,"USDummy1_70-79",-0.1364351,0.0787227,0.3839163,-0.0259751
"193","AllCountriesTotalNoLag","50-59","1960","USDummy1_50-59_YearDecade1960","USDummy1_YearDecade1960",0.1027517,"USDummy1_50-59",0.1578496,0.0787227,-0.0774477,0.2618763
"194","AllCountriesTotalNoLag","70-79","1970","USDummy1_70-79_YearDecade1970","USDummy1_YearDecade1970",0.1517614,"USDummy1_70-79",-0.1364351,0.0787227,-0.1402399,-0.0461909
"195","AllCountriesTotalNoLag","50-59","2000","USDummy1_50-59_YearDecade2000","USDummy1_YearDecade2000",0.3858089,"USDummy1_50-59",0.1578496,0.0787227,-0.3121071,0.3102741
"196","AllCountriesTotalNoLag","70-79","1990","USDummy1_70-79_YearDecade1990","USDummy1_YearDecade1990",0.3454351,"USDummy1_70-79",-0.1364351,0.0787227,-0.2498652,0.0378575
"197","AllCountriesTotalNoLag","70-79","1950","USDummy1_70-79_YearDecade1950","USDummy1_YearDecade1950",0,"USDummy1_70-79",-0.1364351,0.0787227,0,-0.0577124
"198","AllCountriesTotalNoLag","70-79","2000","USDummy1_70-79_YearDecade2000","USDummy1_YearDecade2000",0.3858089,"USDummy1_70-79",-0.1364351,0.0787227,-0.2118163,0.1162802
"199","AllCountriesTotalNoLag","70-79","2010","USDummy1_70-79_YearDecade2010","USDummy1_YearDecade2010",0.4811302,"USDummy1_70-79",-0.1364351,0.0787227,-0.2491396,0.1742782
"200","AllCountriesTotalNoLag","60-69","1990","USDummy1_60-69_YearDecade1990","USDummy1_YearDecade1990",0.3454351,"USDummy1_60-69",0.0397332,0.0787227,-0.299128,0.164763
"201","AllCountriesTotalNoLag","20-29","1940","USDummy1_20-29_YearDecade1940","USDummy1_YearDecade1940",-0.352179,"USDummy1_20-29",0.0149495,0.0787227,-0.0691309,-0.3276377
"202","AllCountriesTotalNoLag","60-69","1940","USDummy1_60-69_YearDecade1940","USDummy1_YearDecade1940",-0.352179,"USDummy1_60-69",0.0397332,0.0787227,0.332207,0.0984838999999999
"203","AllCountriesTotalNoLag","40-49","1980","USDummy1_40-49_YearDecade1980","USDummy1_YearDecade1980",0.2167137,"USDummy1_40-49",0.180295,0.0787227,-0.2339106,0.2418208
"204","AllCountriesTotalNoLag","60-69","1980","USDummy1_60-69_YearDecade1980","USDummy1_YearDecade1980",0.2167137,"USDummy1_60-69",0.0397332,0.0787227,-0.2013451,0.1338245
"205","AllCountriesTotalNoLag","50-59","1970","USDummy1_50-59_YearDecade1970","USDummy1_YearDecade1970",0.1517614,"USDummy1_50-59",0.1578496,0.0787227,-0.1601287,0.228205
"206","AllCountriesTotalNoLag","05-09","1980","USDummy1_05-09_YearDecade1980","USDummy1_YearDecade1980",0.2167137,"USDummy1_05-09",-0.2647154,0.0787227,0.1038796,0.1346006
"207","AllCountriesTotalNoLag","50-59","1950","USDummy1_50-59_YearDecade1950","USDummy1_YearDecade1950",0,"USDummy1_50-59",0.1578496,0.0787227,0,0.2365723
"208","AllCountriesTotalNoLag","60-69","1970","USDummy1_60-69_YearDecade1970","USDummy1_YearDecade1970",0.1517614,"USDummy1_60-69",0.0397332,0.0787227,-0.1533527,0.1168646
"209","AllCountriesTotalNoLag","50-59","1980","USDummy1_50-59_YearDecade1980","USDummy1_YearDecade1980",0.2167137,"USDummy1_50-59",0.1578496,0.0787227,-0.2604246,0.1928614
"210","AllCountriesTotalNoLag","60-69","1950","USDummy1_60-69_YearDecade1950","USDummy1_YearDecade1950",0,"USDummy1_60-69",0.0397332,0.0787227,0,0.1184559
"211","AllCountriesTotalNoLag","60-69","2010","USDummy1_60-69_YearDecade2010","USDummy1_YearDecade2010",0.4811302,"USDummy1_60-69",0.0397332,0.0787227,-0.3189657,0.2806204
"212","AllCountriesTotalNoLag","60-69","1960","USDummy1_60-69_YearDecade1960","USDummy1_YearDecade1960",0.1027517,"USDummy1_60-69",0.0397332,0.0787227,-0.0912404,0.1299672
"213","AllCountriesTotalNoLag","50-59","1940","USDummy1_50-59_YearDecade1940","USDummy1_YearDecade1940",-0.352179,"USDummy1_50-59",0.1578496,0.0787227,0.3387807,0.223174
"214","AllCountriesTotalNoLag","60-69","2000","USDummy1_60-69_YearDecade2000","USDummy1_YearDecade2000",0.3858089,"USDummy1_60-69",0.0397332,0.0787227,-0.2641877,0.2400771
"215","AllCountriesTotalNoLag","05-09","1990","USDummy1_05-09_YearDecade1990","USDummy1_YearDecade1990",0.3454351,"USDummy1_05-09",-0.2647154,0.0787227,0.0461054,0.2055478
"216","AllCountriesTotalNoLag","70-79","1960","USDummy1_70-79_YearDecade1960","USDummy1_YearDecade1960",0.1027517,"USDummy1_70-79",-0.1364351,0.0787227,-0.0891951,-0.0441558
"217","LessFourCountriesFemaleNoLag","10-19","1960","USDummy1_10-19_YearDecade1960","USDummy1_YearDecade1960",0.1668319,"USDummy1_10-19",0,0.0091054,0,0.1759373
"218","LessFourCountriesFemaleNoLag","80","2000","USDummy1_80_YearDecade2000","USDummy1_YearDecade2000",0.4425318,"USDummy1_80",-0.1912112,0.0091054,-0.1364793,0.1239467
"219","LessFourCountriesFemaleNoLag","20-29","1960","USDummy1_20-29_YearDecade1960","USDummy1_YearDecade1960",0.1668319,"USDummy1_20-29",0.0052494,0.0091054,0.1059281,0.2871148
"220","LessFourCountriesFemaleNoLag","30-39","1970","USDummy1_30-39_YearDecade1970","USDummy1_YearDecade1970",0.2209704,"USDummy1_30-39",0.0712256,0.0091054,0.0232174,0.3245188
"221","LessFourCountriesFemaleNoLag","20-29","1990","USDummy1_20-29_YearDecade1990","USDummy1_YearDecade1990",0.3745727,"USDummy1_20-29",0.0052494,0.0091054,0.0395389,0.4284664
"222","LessFourCountriesFemaleNoLag","20-29","1970","USDummy1_20-29_YearDecade1970","USDummy1_YearDecade1970",0.2209704,"USDummy1_20-29",0.0052494,0.0091054,0.1417189,0.3770441
"223","LessFourCountriesFemaleNoLag","20-29","1940","USDummy1_20-29_YearDecade1940","USDummy1_YearDecade1940",-0.3445496,"USDummy1_20-29",0.0052494,0.0091054,0.034577,-0.2956178
"224","LessFourCountriesFemaleNoLag","30-39","2010","USDummy1_30-39_YearDecade2010","USDummy1_YearDecade2010",0.4805809,"USDummy1_30-39",0.0712256,0.0091054,0.2246555,0.7855674
"225","LessFourCountriesFemaleNoLag","20-29","2000","USDummy1_20-29_YearDecade2000","USDummy1_YearDecade2000",0.4425318,"USDummy1_20-29",0.0052494,0.0091054,0.1374105,0.5942971
"226","LessFourCountriesFemaleNoLag","30-39","1980","USDummy1_30-39_YearDecade1980","USDummy1_YearDecade1980",0.30319,"USDummy1_30-39",0.0712256,0.0091054,-0.0844258,0.2990952
"227","LessFourCountriesFemaleNoLag","80","1970","USDummy1_80_YearDecade1970","USDummy1_YearDecade1970",0.2209704,"USDummy1_80",-0.1912112,0.0091054,-0.1807444,-0.1418798
"228","LessFourCountriesFemaleNoLag","30-39","1950","USDummy1_30-39_YearDecade1950","USDummy1_YearDecade1950",0,"USDummy1_30-39",0.0712256,0.0091054,0,0.080331
"229","LessFourCountriesFemaleNoLag","20-29","1980","USDummy1_20-29_YearDecade1980","USDummy1_YearDecade1980",0.30319,"USDummy1_20-29",0.0052494,0.0091054,0.0687049,0.3862497
"230","LessFourCountriesFemaleNoLag","40-49","1960","USDummy1_40-49_YearDecade1960","USDummy1_YearDecade1960",0.1668319,"USDummy1_40-49",0.1697879,0.0091054,-0.0506955,0.2950297
"231","LessFourCountriesFemaleNoLag","20-29","1950","USDummy1_20-29_YearDecade1950","USDummy1_YearDecade1950",0,"USDummy1_20-29",0.0052494,0.0091054,0,0.0143548
"232","LessFourCountriesFemaleNoLag","60-69","1940","USDummy1_60-69_YearDecade1940","USDummy1_YearDecade1940",-0.3445496,"USDummy1_60-69",0.0375971,0.0091054,0.3511161,0.053269
"233","LessFourCountriesFemaleNoLag","20-29","2010","USDummy1_20-29_YearDecade2010","USDummy1_YearDecade2010",0.4805809,"USDummy1_20-29",0.0052494,0.0091054,0.3280684,0.8230041
"234","LessFourCountriesFemaleNoLag","10-19","1940","USDummy1_10-19_YearDecade1940","USDummy1_YearDecade1940",-0.3445496,"USDummy1_10-19",0,0.0091054,0,-0.3354442
"235","LessFourCountriesFemaleNoLag","10-19","1990","USDummy1_10-19_YearDecade1990","USDummy1_YearDecade1990",0.3745727,"USDummy1_10-19",0,0.0091054,0,0.3836781
"236","LessFourCountriesFemaleNoLag","10-19","2000","USDummy1_10-19_YearDecade2000","USDummy1_YearDecade2000",0.4425318,"USDummy1_10-19",0,0.0091054,0,0.4516372
"237","LessFourCountriesFemaleNoLag","10-19","2010","USDummy1_10-19_YearDecade2010","USDummy1_YearDecade2010",0.4805809,"USDummy1_10-19",0,0.0091054,0,0.4896863
"238","LessFourCountriesFemaleNoLag","30-39","1940","USDummy1_30-39_YearDecade1940","USDummy1_YearDecade1940",-0.3445496,"USDummy1_30-39",0.0712256,0.0091054,0.2146723,-0.0495463
"239","LessFourCountriesFemaleNoLag","10-19","1980","USDummy1_10-19_YearDecade1980","USDummy1_YearDecade1980",0.30319,"USDummy1_10-19",0,0.0091054,0,0.3122954
"240","LessFourCountriesFemaleNoLag","30-39","2000","USDummy1_30-39_YearDecade2000","USDummy1_YearDecade2000",0.4425318,"USDummy1_30-39",0.0712256,0.0091054,0.0374747,0.5603375
"241","LessFourCountriesFemaleNoLag","10-19","1950","USDummy1_10-19_YearDecade1950","USDummy1_YearDecade1950",0,"USDummy1_10-19",0,0.0091054,0,0.0091054
"242","LessFourCountriesFemaleNoLag","70-79","1940","USDummy1_70-79_YearDecade1940","USDummy1_YearDecade1940",-0.3445496,"USDummy1_70-79",-0.1047243,0.0091054,0.3985893,-0.0415792
"243","LessFourCountriesFemaleNoLag","70-79","1950","USDummy1_70-79_YearDecade1950","USDummy1_YearDecade1950",0,"USDummy1_70-79",-0.1047243,0.0091054,0,-0.0956189
"244","LessFourCountriesFemaleNoLag","70-79","1990","USDummy1_70-79_YearDecade1990","USDummy1_YearDecade1990",0.3745727,"USDummy1_70-79",-0.1047243,0.0091054,-0.1571614,0.1217924
"245","LessFourCountriesFemaleNoLag","70-79","1970","USDummy1_70-79_YearDecade1970","USDummy1_YearDecade1970",0.2209704,"USDummy1_70-79",-0.1047243,0.0091054,-0.1858584,-0.0605069
"246","LessFourCountriesFemaleNoLag","70-79","2000","USDummy1_70-79_YearDecade2000","USDummy1_YearDecade2000",0.4425318,"USDummy1_70-79",-0.1047243,0.0091054,-0.1100175,0.2368954
"247","LessFourCountriesFemaleNoLag","70-79","2010","USDummy1_70-79_YearDecade2010","USDummy1_YearDecade2010",0.4805809,"USDummy1_70-79",-0.1047243,0.0091054,-0.0877521,0.2972099
"248","LessFourCountriesFemaleNoLag","70-79","1980","USDummy1_70-79_YearDecade1980","USDummy1_YearDecade1980",0.30319,"USDummy1_70-79",-0.1047243,0.0091054,-0.1893618,0.0182093
"249","LessFourCountriesFemaleNoLag","80","1980","USDummy1_80_YearDecade1980","USDummy1_YearDecade1980",0.30319,"USDummy1_80",-0.1912112,0.0091054,-0.2094193,-0.0883351
"250","LessFourCountriesFemaleNoLag","40-49","1950","USDummy1_40-49_YearDecade1950","USDummy1_YearDecade1950",0,"USDummy1_40-49",0.1697879,0.0091054,0,0.1788933
"251","LessFourCountriesFemaleNoLag","10-19","1970","USDummy1_10-19_YearDecade1970","USDummy1_YearDecade1970",0.2209704,"USDummy1_10-19",0,0.0091054,0,0.2300758
"252","LessFourCountriesFemaleNoLag","80","1950","USDummy1_80_YearDecade1950","USDummy1_YearDecade1950",0,"USDummy1_80",-0.1912112,0.0091054,0,-0.1821058
"253","LessFourCountriesFemaleNoLag","70-79","1960","USDummy1_70-79_YearDecade1960","USDummy1_YearDecade1960",0.1668319,"USDummy1_70-79",-0.1047243,0.0091054,-0.1528864,-0.0816734
"254","LessFourCountriesFemaleNoLag","80","1960","USDummy1_80_YearDecade1960","USDummy1_YearDecade1960",0.1668319,"USDummy1_80",-0.1912112,0.0091054,-0.1002696,-0.1155435
"255","LessFourCountriesFemaleNoLag","80","2010","USDummy1_80_YearDecade2010","USDummy1_YearDecade2010",0.4805809,"USDummy1_80",-0.1912112,0.0091054,-0.1208074,0.1776677
"256","LessFourCountriesFemaleNoLag","30-39","1990","USDummy1_30-39_YearDecade1990","USDummy1_YearDecade1990",0.3745727,"USDummy1_30-39",0.0712256,0.0091054,-0.0390268,0.4158769
"257","LessFourCountriesFemaleNoLag","30-39","1960","USDummy1_30-39_YearDecade1960","USDummy1_YearDecade1960",0.1668319,"USDummy1_30-39",0.0712256,0.0091054,0.0652285,0.3123914
"258","LessFourCountriesFemaleNoLag","05-09","1990","USDummy1_05-09_YearDecade1990","USDummy1_YearDecade1990",0.3745727,"USDummy1_05-09",-0.1564516,0.0091054,0.0286217,0.2558482
"259","LessFourCountriesFemaleNoLag","40-49","1970","USDummy1_40-49_YearDecade1970","USDummy1_YearDecade1970",0.2209704,"USDummy1_40-49",0.1697879,0.0091054,-0.0985821,0.3012816
"260","LessFourCountriesFemaleNoLag","40-49","1940","USDummy1_40-49_YearDecade1940","USDummy1_YearDecade1940",-0.3445496,"USDummy1_40-49",0.1697879,0.0091054,0.2895782,0.1239219
"261","LessFourCountriesFemaleNoLag","40-49","1990","USDummy1_40-49_YearDecade1990","USDummy1_YearDecade1990",0.3745727,"USDummy1_40-49",0.1697879,0.0091054,-0.251609,0.301857
"262","LessFourCountriesFemaleNoLag","40-49","2000","USDummy1_40-49_YearDecade2000","USDummy1_YearDecade2000",0.4425318,"USDummy1_40-49",0.1697879,0.0091054,-0.144149,0.4772761
"263","LessFourCountriesFemaleNoLag","60-69","1980","USDummy1_60-69_YearDecade1980","USDummy1_YearDecade1980",0.30319,"USDummy1_60-69",0.0375971,0.0091054,-0.1299065,0.219986
"264","LessFourCountriesFemaleNoLag","60-69","1960","USDummy1_60-69_YearDecade1960","USDummy1_YearDecade1960",0.1668319,"USDummy1_60-69",0.0375971,0.0091054,-0.105433,0.1081014
"265","LessFourCountriesFemaleNoLag","50-59","2000","USDummy1_50-59_YearDecade2000","USDummy1_YearDecade2000",0.4425318,"USDummy1_50-59",0.163674,0.0091054,-0.2540922,0.361219
"266","LessFourCountriesFemaleNoLag","80","1940","USDummy1_80_YearDecade1940","USDummy1_YearDecade1940",-0.3445496,"USDummy1_80",-0.1912112,0.0091054,0.3655814,-0.161074
"267","LessFourCountriesFemaleNoLag","05-09","1970","USDummy1_05-09_YearDecade1970","USDummy1_YearDecade1970",0.2209704,"USDummy1_05-09",-0.1564516,0.0091054,0.0038603,0.0774845
"268","LessFourCountriesFemaleNoLag","05-09","1980","USDummy1_05-09_YearDecade1980","USDummy1_YearDecade1980",0.30319,"USDummy1_05-09",-0.1564516,0.0091054,0.0690598,0.2249036
"269","LessFourCountriesFemaleNoLag","05-09","2000","USDummy1_05-09_YearDecade2000","USDummy1_YearDecade2000",0.4425318,"USDummy1_05-09",-0.1564516,0.0091054,0.0928773,0.3880629
"270","LessFourCountriesFemaleNoLag","05-09","1960","USDummy1_05-09_YearDecade1960","USDummy1_YearDecade1960",0.1668319,"USDummy1_05-09",-0.1564516,0.0091054,0.013968,0.0334537
"271","LessFourCountriesFemaleNoLag","50-59","1970","USDummy1_50-59_YearDecade1970","USDummy1_YearDecade1970",0.2209704,"USDummy1_50-59",0.163674,0.0091054,-0.1575235,0.2362263
"272","LessFourCountriesFemaleNoLag","05-09","1940","USDummy1_05-09_YearDecade1940","USDummy1_YearDecade1940",-0.3445496,"USDummy1_05-09",-0.1564516,0.0091054,0.0679187,-0.4239771
"273","LessFourCountriesFemaleNoLag","05-09","1950","USDummy1_05-09_YearDecade1950","USDummy1_YearDecade1950",0,"USDummy1_05-09",-0.1564516,0.0091054,0,-0.1473462
"274","LessFourCountriesFemaleNoLag","05-09","2010","USDummy1_05-09_YearDecade2010","USDummy1_YearDecade2010",0.4805809,"USDummy1_05-09",-0.1564516,0.0091054,0.0798554,0.4130901
"275","LessFourCountriesFemaleNoLag","60-69","2000","USDummy1_60-69_YearDecade2000","USDummy1_YearDecade2000",0.4425318,"USDummy1_60-69",0.0375971,0.0091054,-0.1166256,0.3726087
"276","LessFourCountriesFemaleNoLag","60-69","1990","USDummy1_60-69_YearDecade1990","USDummy1_YearDecade1990",0.3745727,"USDummy1_60-69",0.0375971,0.0091054,-0.1236293,0.2976459
"277","LessFourCountriesFemaleNoLag","50-59","1980","USDummy1_50-59_YearDecade1980","USDummy1_YearDecade1980",0.30319,"USDummy1_50-59",0.163674,0.0091054,-0.2099939,0.2659755
"278","LessFourCountriesFemaleNoLag","60-69","2010","USDummy1_60-69_YearDecade2010","USDummy1_YearDecade2010",0.4805809,"USDummy1_60-69",0.0375971,0.0091054,-0.1448279,0.3824555
"279","LessFourCountriesFemaleNoLag","60-69","1970","USDummy1_60-69_YearDecade1970","USDummy1_YearDecade1970",0.2209704,"USDummy1_60-69",0.0375971,0.0091054,-0.1428923,0.1247806
"280","LessFourCountriesFemaleNoLag","60-69","1950","USDummy1_60-69_YearDecade1950","USDummy1_YearDecade1950",0,"USDummy1_60-69",0.0375971,0.0091054,0,0.0467025
"281","LessFourCountriesFemaleNoLag","50-59","1950","USDummy1_50-59_YearDecade1950","USDummy1_YearDecade1950",0,"USDummy1_50-59",0.163674,0.0091054,0,0.1727794
"282","LessFourCountriesFemaleNoLag","50-59","2010","USDummy1_50-59_YearDecade2010","USDummy1_YearDecade2010",0.4805809,"USDummy1_50-59",0.163674,0.0091054,-0.1752303,0.47813
"283","LessFourCountriesFemaleNoLag","80","1990","USDummy1_80_YearDecade1990","USDummy1_YearDecade1990",0.3745727,"USDummy1_80",-0.1912112,0.0091054,-0.1755091,0.0169578
"284","LessFourCountriesFemaleNoLag","40-49","2010","USDummy1_40-49_YearDecade2010","USDummy1_YearDecade2010",0.4805809,"USDummy1_40-49",0.1697879,0.0091054,-0.0651927,0.5942815
"285","LessFourCountriesFemaleNoLag","50-59","1990","USDummy1_50-59_YearDecade1990","USDummy1_YearDecade1990",0.3745727,"USDummy1_50-59",0.163674,0.0091054,-0.2343944,0.3129577
"286","LessFourCountriesFemaleNoLag","50-59","1960","USDummy1_50-59_YearDecade1960","USDummy1_YearDecade1960",0.1668319,"USDummy1_50-59",0.163674,0.0091054,-0.1127661,0.2268452
"287","LessFourCountriesFemaleNoLag","50-59","1940","USDummy1_50-59_YearDecade1940","USDummy1_YearDecade1940",-0.3445496,"USDummy1_50-59",0.163674,0.0091054,0.3385434,0.1667732
"288","LessFourCountriesFemaleNoLag","40-49","1980","USDummy1_40-49_YearDecade1980","USDummy1_YearDecade1980",0.30319,"USDummy1_40-49",0.1697879,0.0091054,-0.234617,0.2474663
"289","LessFourCountriesMaleNoLag","20-29","1970","USDummy1_20-29_YearDecade1970","USDummy1_YearDecade1970",0.1253275,"USDummy1_20-29",0.0434931,0.1303133,0.2032632,0.5023971
"290","LessFourCountriesMaleNoLag","10-19","2010","USDummy1_10-19_YearDecade2010","USDummy1_YearDecade2010",0.4852749,"USDummy1_10-19",0,0.1303133,0,0.6155882
"291","LessFourCountriesMaleNoLag","70-79","2000","USDummy1_70-79_YearDecade2000","USDummy1_YearDecade2000",0.350316,"USDummy1_70-79",-0.1585257,0.1303133,-0.2937178,0.0283858
"292","LessFourCountriesMaleNoLag","20-29","2010","USDummy1_20-29_YearDecade2010","USDummy1_YearDecade2010",0.4852749,"USDummy1_20-29",0.0434931,0.1303133,0.1995744,0.8586557
"293","LessFourCountriesMaleNoLag","20-29","1940","USDummy1_20-29_YearDecade1940","USDummy1_YearDecade1940",-0.3377048,"USDummy1_20-29",0.0434931,0.1303133,-0.136692,-0.3005904
"294","LessFourCountriesMaleNoLag","05-09","1970","USDummy1_05-09_YearDecade1970","USDummy1_YearDecade1970",0.1253275,"USDummy1_05-09",-0.3369935,0.1303133,0.089579,0.00822629999999999
"295","LessFourCountriesMaleNoLag","10-19","1940","USDummy1_10-19_YearDecade1940","USDummy1_YearDecade1940",-0.3377048,"USDummy1_10-19",0,0.1303133,0,-0.2073915
"296","LessFourCountriesMaleNoLag","30-39","1940","USDummy1_30-39_YearDecade1940","USDummy1_YearDecade1940",-0.3377048,"USDummy1_30-39",0.0491259,0.1303133,0.1083451,-0.0499205
"297","LessFourCountriesMaleNoLag","10-19","1990","USDummy1_10-19_YearDecade1990","USDummy1_YearDecade1990",0.33765,"USDummy1_10-19",0,0.1303133,0,0.4679633
"298","LessFourCountriesMaleNoLag","10-19","1970","USDummy1_10-19_YearDecade1970","USDummy1_YearDecade1970",0.1253275,"USDummy1_10-19",0,0.1303133,0,0.2556408
"299","LessFourCountriesMaleNoLag","10-19","1980","USDummy1_10-19_YearDecade1980","USDummy1_YearDecade1980",0.1868803,"USDummy1_10-19",0,0.1303133,0,0.3171936
"300","LessFourCountriesMaleNoLag","10-19","1950","USDummy1_10-19_YearDecade1950","USDummy1_YearDecade1950",0,"USDummy1_10-19",0,0.1303133,0,0.1303133
"301","LessFourCountriesMaleNoLag","10-19","1960","USDummy1_10-19_YearDecade1960","USDummy1_YearDecade1960",0.076276,"USDummy1_10-19",0,0.1303133,0,0.2065893
"302","LessFourCountriesMaleNoLag","30-39","2000","USDummy1_30-39_YearDecade2000","USDummy1_YearDecade2000",0.350316,"USDummy1_30-39",0.0491259,0.1303133,-0.0366795,0.4930757
"303","LessFourCountriesMaleNoLag","30-39","1950","USDummy1_30-39_YearDecade1950","USDummy1_YearDecade1950",0,"USDummy1_30-39",0.0491259,0.1303133,0,0.1794392
"304","LessFourCountriesMaleNoLag","70-79","1940","USDummy1_70-79_YearDecade1940","USDummy1_YearDecade1940",-0.3377048,"USDummy1_70-79",-0.1585257,0.1303133,0.351022,-0.0148952
"305","LessFourCountriesMaleNoLag","20-29","1960","USDummy1_20-29_YearDecade1960","USDummy1_YearDecade1960",0.076276,"USDummy1_20-29",0.0434931,0.1303133,0.1043849,0.3544673
"306","LessFourCountriesMaleNoLag","40-49","1970","USDummy1_40-49_YearDecade1970","USDummy1_YearDecade1970",0.1253275,"USDummy1_40-49",0.1856217,0.1303133,-0.1535232,0.2877393
"307","LessFourCountriesMaleNoLag","20-29","1990","USDummy1_20-29_YearDecade1990","USDummy1_YearDecade1990",0.33765,"USDummy1_20-29",0.0434931,0.1303133,-0.0651072,0.4463492
"308","LessFourCountriesMaleNoLag","20-29","1950","USDummy1_20-29_YearDecade1950","USDummy1_YearDecade1950",0,"USDummy1_20-29",0.0434931,0.1303133,0,0.1738064
"309","LessFourCountriesMaleNoLag","10-19","2000","USDummy1_10-19_YearDecade2000","USDummy1_YearDecade2000",0.350316,"USDummy1_10-19",0,0.1303133,0,0.4806293
"310","LessFourCountriesMaleNoLag","20-29","1980","USDummy1_20-29_YearDecade1980","USDummy1_YearDecade1980",0.1868803,"USDummy1_20-29",0.0434931,0.1303133,0.0877367,0.4484234
"311","LessFourCountriesMaleNoLag","80","1950","USDummy1_80_YearDecade1950","USDummy1_YearDecade1950",0,"USDummy1_80",-0.2318114,0.1303133,0,-0.1014981
"312","LessFourCountriesMaleNoLag","30-39","1980","USDummy1_30-39_YearDecade1980","USDummy1_YearDecade1980",0.1868803,"USDummy1_30-39",0.0491259,0.1303133,0.0865809,0.4529004
"313","LessFourCountriesMaleNoLag","30-39","1970","USDummy1_30-39_YearDecade1970","USDummy1_YearDecade1970",0.1253275,"USDummy1_30-39",0.0491259,0.1303133,0.0918822,0.3966489
"314","LessFourCountriesMaleNoLag","30-39","1960","USDummy1_30-39_YearDecade1960","USDummy1_YearDecade1960",0.076276,"USDummy1_30-39",0.0491259,0.1303133,0.0603389,0.3160541
"315","LessFourCountriesMaleNoLag","05-09","1950","USDummy1_05-09_YearDecade1950","USDummy1_YearDecade1950",0,"USDummy1_05-09",-0.3369935,0.1303133,0,-0.2066802
"316","LessFourCountriesMaleNoLag","05-09","1990","USDummy1_05-09_YearDecade1990","USDummy1_YearDecade1990",0.33765,"USDummy1_05-09",-0.3369935,0.1303133,0.0932303,0.2242001
"317","LessFourCountriesMaleNoLag","05-09","1980","USDummy1_05-09_YearDecade1980","USDummy1_YearDecade1980",0.1868803,"USDummy1_05-09",-0.3369935,0.1303133,0.1760871,0.1562872
"318","LessFourCountriesMaleNoLag","05-09","2010","USDummy1_05-09_YearDecade2010","USDummy1_YearDecade2010",0.4852749,"USDummy1_05-09",-0.3369935,0.1303133,0.158935,0.4375297
"319","LessFourCountriesMaleNoLag","05-09","1960","USDummy1_05-09_YearDecade1960","USDummy1_YearDecade1960",0.076276,"USDummy1_05-09",-0.3369935,0.1303133,0.0403705,-0.0900337
"320","LessFourCountriesMaleNoLag","05-09","2000","USDummy1_05-09_YearDecade2000","USDummy1_YearDecade2000",0.350316,"USDummy1_05-09",-0.3369935,0.1303133,0.1855706,0.3292064
"321","LessFourCountriesMaleNoLag","60-69","1970","USDummy1_60-69_YearDecade1970","USDummy1_YearDecade1970",0.1253275,"USDummy1_60-69",0.0250129,0.1303133,-0.1630165,0.1176372
"322","LessFourCountriesMaleNoLag","05-09","1940","USDummy1_05-09_YearDecade1940","USDummy1_YearDecade1940",-0.3377048,"USDummy1_05-09",-0.3369935,0.1303133,0.1510235,-0.3933615
"323","LessFourCountriesMaleNoLag","60-69","1990","USDummy1_60-69_YearDecade1990","USDummy1_YearDecade1990",0.33765,"USDummy1_60-69",0.0250129,0.1303133,-0.3888631,0.1041131
"324","LessFourCountriesMaleNoLag","60-69","1950","USDummy1_60-69_YearDecade1950","USDummy1_YearDecade1950",0,"USDummy1_60-69",0.0250129,0.1303133,0,0.1553262
"325","LessFourCountriesMaleNoLag","60-69","1940","USDummy1_60-69_YearDecade1940","USDummy1_YearDecade1940",-0.3377048,"USDummy1_60-69",0.0250129,0.1303133,0.3062506,0.123872
"326","LessFourCountriesMaleNoLag","60-69","2010","USDummy1_60-69_YearDecade2010","USDummy1_YearDecade2010",0.4852749,"USDummy1_60-69",0.0250129,0.1303133,-0.3852406,0.2553605
"327","LessFourCountriesMaleNoLag","60-69","1960","USDummy1_60-69_YearDecade1960","USDummy1_YearDecade1960",0.076276,"USDummy1_60-69",0.0250129,0.1303133,-0.0783048,0.1532974
"328","LessFourCountriesMaleNoLag","60-69","1980","USDummy1_60-69_YearDecade1980","USDummy1_YearDecade1980",0.1868803,"USDummy1_60-69",0.0250129,0.1303133,-0.2581236,0.0840829
"329","LessFourCountriesMaleNoLag","70-79","1980","USDummy1_70-79_YearDecade1980","USDummy1_YearDecade1980",0.1868803,"USDummy1_70-79",-0.1585257,0.1303133,-0.1862365,-0.0275686
"330","LessFourCountriesMaleNoLag","80","2010","USDummy1_80_YearDecade2010","USDummy1_YearDecade2010",0.4852749,"USDummy1_80",-0.2318114,0.1303133,-0.3765949,0.00718189999999999
"331","LessFourCountriesMaleNoLag","30-39","1990","USDummy1_30-39_YearDecade1990","USDummy1_YearDecade1990",0.33765,"USDummy1_30-39",0.0491259,0.1303133,-0.0402841,0.4768051
"332","LessFourCountriesMaleNoLag","70-79","1970","USDummy1_70-79_YearDecade1970","USDummy1_YearDecade1970",0.1253275,"USDummy1_70-79",-0.1585257,0.1303133,-0.1250275,-0.0279124
"333","LessFourCountriesMaleNoLag","70-79","1990","USDummy1_70-79_YearDecade1990","USDummy1_YearDecade1990",0.33765,"USDummy1_70-79",-0.1585257,0.1303133,-0.3317282,-0.0222906
"334","LessFourCountriesMaleNoLag","70-79","2010","USDummy1_70-79_YearDecade2010","USDummy1_YearDecade2010",0.4852749,"USDummy1_70-79",-0.1585257,0.1303133,-0.3523195,0.104743
"335","LessFourCountriesMaleNoLag","70-79","1950","USDummy1_70-79_YearDecade1950","USDummy1_YearDecade1950",0,"USDummy1_70-79",-0.1585257,0.1303133,0,-0.0282124
"336","LessFourCountriesMaleNoLag","20-29","2000","USDummy1_20-29_YearDecade2000","USDummy1_YearDecade2000",0.350316,"USDummy1_20-29",0.0434931,0.1303133,0.0735495,0.5976719
"337","LessFourCountriesMaleNoLag","80","1960","USDummy1_80_YearDecade1960","USDummy1_YearDecade1960",0.076276,"USDummy1_80",-0.2318114,0.1303133,-0.0274813,-0.0527034
"338","LessFourCountriesMaleNoLag","40-49","1960","USDummy1_40-49_YearDecade1960","USDummy1_YearDecade1960",0.076276,"USDummy1_40-49",0.1856217,0.1303133,-0.0387813,0.3534297
"339","LessFourCountriesMaleNoLag","80","1970","USDummy1_80_YearDecade1970","USDummy1_YearDecade1970",0.1253275,"USDummy1_80",-0.2318114,0.1303133,-0.1096414,-0.085812
"340","LessFourCountriesMaleNoLag","80","1980","USDummy1_80_YearDecade1980","USDummy1_YearDecade1980",0.1868803,"USDummy1_80",-0.2318114,0.1303133,-0.1643646,-0.0789824
"341","LessFourCountriesMaleNoLag","80","1990","USDummy1_80_YearDecade1990","USDummy1_YearDecade1990",0.33765,"USDummy1_80",-0.2318114,0.1303133,-0.2832305,-0.0470786
"342","LessFourCountriesMaleNoLag","80","2000","USDummy1_80_YearDecade2000","USDummy1_YearDecade2000",0.350316,"USDummy1_80",-0.2318114,0.1303133,-0.2876337,-0.0388158
"343","LessFourCountriesMaleNoLag","50-59","1940","USDummy1_50-59_YearDecade1940","USDummy1_YearDecade1940",-0.3377048,"USDummy1_50-59",0.1404258,0.1303133,0.3149506,0.2479849
"344","LessFourCountriesMaleNoLag","50-59","2000","USDummy1_50-59_YearDecade2000","USDummy1_YearDecade2000",0.350316,"USDummy1_50-59",0.1404258,0.1303133,-0.3138628,0.3071923
"345","LessFourCountriesMaleNoLag","30-39","2010","USDummy1_30-39_YearDecade2010","USDummy1_YearDecade2010",0.4852749,"USDummy1_30-39",0.0491259,0.1303133,0.0884871,0.7532012
"346","LessFourCountriesMaleNoLag","50-59","1960","USDummy1_50-59_YearDecade1960","USDummy1_YearDecade1960",0.076276,"USDummy1_50-59",0.1404258,0.1303133,-0.0591181,0.287897
"347","LessFourCountriesMaleNoLag","40-49","2010","USDummy1_40-49_YearDecade2010","USDummy1_YearDecade2010",0.4852749,"USDummy1_40-49",0.1856217,0.1303133,-0.2601233,0.5410866
"348","LessFourCountriesMaleNoLag","40-49","1940","USDummy1_40-49_YearDecade1940","USDummy1_YearDecade1940",-0.3377048,"USDummy1_40-49",0.1856217,0.1303133,0.1737355,0.1519657
"349","LessFourCountriesMaleNoLag","40-49","2000","USDummy1_40-49_YearDecade2000","USDummy1_YearDecade2000",0.350316,"USDummy1_40-49",0.1856217,0.1303133,-0.2167901,0.4494609
"350","LessFourCountriesMaleNoLag","40-49","1950","USDummy1_40-49_YearDecade1950","USDummy1_YearDecade1950",0,"USDummy1_40-49",0.1856217,0.1303133,0,0.315935
"351","LessFourCountriesMaleNoLag","50-59","1970","USDummy1_50-59_YearDecade1970","USDummy1_YearDecade1970",0.1253275,"USDummy1_50-59",0.1404258,0.1303133,-0.176125,0.2199416
"352","LessFourCountriesMaleNoLag","40-49","1980","USDummy1_40-49_YearDecade1980","USDummy1_YearDecade1980",0.1868803,"USDummy1_40-49",0.1856217,0.1303133,-0.2419292,0.2608861
"353","LessFourCountriesMaleNoLag","40-49","1990","USDummy1_40-49_YearDecade1990","USDummy1_YearDecade1990",0.33765,"USDummy1_40-49",0.1856217,0.1303133,-0.2756996,0.3778854
"354","LessFourCountriesMaleNoLag","50-59","1980","USDummy1_50-59_YearDecade1980","USDummy1_YearDecade1980",0.1868803,"USDummy1_50-59",0.1404258,0.1303133,-0.29889,0.1587294
"355","LessFourCountriesMaleNoLag","70-79","1960","USDummy1_70-79_YearDecade1960","USDummy1_YearDecade1960",0.076276,"USDummy1_70-79",-0.1585257,0.1303133,-0.0563526,-0.008289
"356","LessFourCountriesMaleNoLag","50-59","2010","USDummy1_50-59_YearDecade2010","USDummy1_YearDecade2010",0.4852749,"USDummy1_50-59",0.1404258,0.1303133,-0.3146504,0.4413636
"357","LessFourCountriesMaleNoLag","50-59","1990","USDummy1_50-59_YearDecade1990","USDummy1_YearDecade1990",0.33765,"USDummy1_50-59",0.1404258,0.1303133,-0.3927077,0.2156814
"358","LessFourCountriesMaleNoLag","50-59","1950","USDummy1_50-59_YearDecade1950","USDummy1_YearDecade1950",0,"USDummy1_50-59",0.1404258,0.1303133,0,0.2707391
"359","LessFourCountriesMaleNoLag","80","1940","USDummy1_80_YearDecade1940","USDummy1_YearDecade1940",-0.3377048,"USDummy1_80",-0.2318114,0.1303133,0.3226879,-0.116515
"360","LessFourCountriesMaleNoLag","60-69","2000","USDummy1_60-69_YearDecade2000","USDummy1_YearDecade2000",0.350316,"USDummy1_60-69",0.0250129,0.1303133,-0.3336082,0.172034
"361","LessFourCountriesTotalNoLag","10-19","1950","USDummy1_10-19_YearDecade1950","USDummy1_YearDecade1950",0,"USDummy1_10-19",0,0.0736081,0,0.0736081
"362","LessFourCountriesTotalNoLag","10-19","1990","USDummy1_10-19_YearDecade1990","USDummy1_YearDecade1990",0.3533604,"USDummy1_10-19",0,0.0736081,0,0.4269685
"363","LessFourCountriesTotalNoLag","20-29","2010","USDummy1_20-29_YearDecade2010","USDummy1_YearDecade2010",0.486461,"USDummy1_20-29",0.0201334,0.0736081,0.2618152,0.8420177
"364","LessFourCountriesTotalNoLag","05-09","1940","USDummy1_05-09_YearDecade1940","USDummy1_YearDecade1940",-0.3470613,"USDummy1_05-09",-0.2671151,0.0736081,0.1252365,-0.4153318
"365","LessFourCountriesTotalNoLag","05-09","2000","USDummy1_05-09_YearDecade2000","USDummy1_YearDecade2000",0.3833968,"USDummy1_05-09",-0.2671151,0.0736081,0.1374655,0.3273553
"366","LessFourCountriesTotalNoLag","05-09","1960","USDummy1_05-09_YearDecade1960","USDummy1_YearDecade1960",0.1119522,"USDummy1_05-09",-0.2671151,0.0736081,0.0307079,-0.0508469
"367","LessFourCountriesTotalNoLag","30-39","2010","USDummy1_30-39_YearDecade2010","USDummy1_YearDecade2010",0.486461,"USDummy1_30-39",0.0543964,0.0736081,0.1407305,0.755196
"368","LessFourCountriesTotalNoLag","05-09","2010","USDummy1_05-09_YearDecade2010","USDummy1_YearDecade2010",0.486461,"USDummy1_05-09",-0.2671151,0.0736081,0.1148635,0.4078175
"369","LessFourCountriesTotalNoLag","60-69","2000","USDummy1_60-69_YearDecade2000","USDummy1_YearDecade2000",0.3833968,"USDummy1_60-69",0.0440328,0.0736081,-0.264632,0.2364057
"370","LessFourCountriesTotalNoLag","60-69","1960","USDummy1_60-69_YearDecade1960","USDummy1_YearDecade1960",0.1119522,"USDummy1_60-69",0.0440328,0.0736081,-0.0963294,0.1332637
"371","LessFourCountriesTotalNoLag","05-09","1970","USDummy1_05-09_YearDecade1970","USDummy1_YearDecade1970",0.1619692,"USDummy1_05-09",-0.2671151,0.0736081,0.0552493,0.0237115
"372","LessFourCountriesTotalNoLag","10-19","1980","USDummy1_10-19_YearDecade1980","USDummy1_YearDecade1980",0.2277682,"USDummy1_10-19",0,0.0736081,0,0.3013763
"373","LessFourCountriesTotalNoLag","10-19","1970","USDummy1_10-19_YearDecade1970","USDummy1_YearDecade1970",0.1619692,"USDummy1_10-19",0,0.0736081,0,0.2355773
"374","LessFourCountriesTotalNoLag","10-19","2000","USDummy1_10-19_YearDecade2000","USDummy1_YearDecade2000",0.3833968,"USDummy1_10-19",0,0.0736081,0,0.4570049
"375","LessFourCountriesTotalNoLag","10-19","1940","USDummy1_10-19_YearDecade1940","USDummy1_YearDecade1940",-0.3470613,"USDummy1_10-19",0,0.0736081,0,-0.2734532
"376","LessFourCountriesTotalNoLag","05-09","1950","USDummy1_05-09_YearDecade1950","USDummy1_YearDecade1950",0,"USDummy1_05-09",-0.2671151,0.0736081,0,-0.193507
"377","LessFourCountriesTotalNoLag","10-19","1960","USDummy1_10-19_YearDecade1960","USDummy1_YearDecade1960",0.1119522,"USDummy1_10-19",0,0.0736081,0,0.1855603
"378","LessFourCountriesTotalNoLag","10-19","2010","USDummy1_10-19_YearDecade2010","USDummy1_YearDecade2010",0.486461,"USDummy1_10-19",0,0.0736081,0,0.5600691
"379","LessFourCountriesTotalNoLag","20-29","1950","USDummy1_20-29_YearDecade1950","USDummy1_YearDecade1950",0,"USDummy1_20-29",0.0201334,0.0736081,0,0.0937415
"380","LessFourCountriesTotalNoLag","20-29","1980","USDummy1_20-29_YearDecade1980","USDummy1_YearDecade1980",0.2277682,"USDummy1_20-29",0.0201334,0.0736081,0.0994652,0.4209749
"381","LessFourCountriesTotalNoLag","20-29","1990","USDummy1_20-29_YearDecade1990","USDummy1_YearDecade1990",0.3533604,"USDummy1_20-29",0.0201334,0.0736081,-0.0118628,0.4352391
"382","LessFourCountriesTotalNoLag","20-29","1970","USDummy1_20-29_YearDecade1970","USDummy1_YearDecade1970",0.1619692,"USDummy1_20-29",0.0201334,0.0736081,0.1947464,0.4504571
"383","LessFourCountriesTotalNoLag","20-29","1960","USDummy1_20-29_YearDecade1960","USDummy1_YearDecade1960",0.1119522,"USDummy1_20-29",0.0201334,0.0736081,0.1057498,0.3114435
"384","LessFourCountriesTotalNoLag","60-69","2010","USDummy1_60-69_YearDecade2010","USDummy1_YearDecade2010",0.486461,"USDummy1_60-69",0.0440328,0.0736081,-0.3140121,0.2900898
"385","LessFourCountriesTotalNoLag","20-29","1940","USDummy1_20-29_YearDecade1940","USDummy1_YearDecade1940",-0.3470613,"USDummy1_20-29",0.0201334,0.0736081,-0.0743148,-0.3276346
"386","LessFourCountriesTotalNoLag","20-29","2000","USDummy1_20-29_YearDecade2000","USDummy1_YearDecade2000",0.3833968,"USDummy1_20-29",0.0201334,0.0736081,0.1129631,0.5901014
"387","LessFourCountriesTotalNoLag","30-39","1970","USDummy1_30-39_YearDecade1970","USDummy1_YearDecade1970",0.1619692,"USDummy1_30-39",0.0543964,0.0736081,0.064949,0.3549227
"388","LessFourCountriesTotalNoLag","30-39","1990","USDummy1_30-39_YearDecade1990","USDummy1_YearDecade1990",0.3533604,"USDummy1_30-39",0.0543964,0.0736081,-0.0335333,0.4478316
"389","LessFourCountriesTotalNoLag","30-39","2000","USDummy1_30-39_YearDecade2000","USDummy1_YearDecade2000",0.3833968,"USDummy1_30-39",0.0543964,0.0736081,-0.00553530000000001,0.505866
"390","LessFourCountriesTotalNoLag","30-39","1980","USDummy1_30-39_YearDecade1980","USDummy1_YearDecade1980",0.2277682,"USDummy1_30-39",0.0543964,0.0736081,0.0338576,0.3896303
"391","LessFourCountriesTotalNoLag","30-39","1960","USDummy1_30-39_YearDecade1960","USDummy1_YearDecade1960",0.1119522,"USDummy1_30-39",0.0543964,0.0736081,0.0602014,0.3001581
"392","LessFourCountriesTotalNoLag","30-39","1940","USDummy1_30-39_YearDecade1940","USDummy1_YearDecade1940",-0.3470613,"USDummy1_30-39",0.0543964,0.0736081,0.1559936,-0.0630632
"393","LessFourCountriesTotalNoLag","30-39","1950","USDummy1_30-39_YearDecade1950","USDummy1_YearDecade1950",0,"USDummy1_30-39",0.0543964,0.0736081,0,0.1280045
"394","LessFourCountriesTotalNoLag","40-49","1940","USDummy1_40-49_YearDecade1940","USDummy1_YearDecade1940",-0.3470613,"USDummy1_40-49",0.1809979,0.0736081,0.230884,0.1384287
"395","LessFourCountriesTotalNoLag","40-49","1980","USDummy1_40-49_YearDecade1980","USDummy1_YearDecade1980",0.2277682,"USDummy1_40-49",0.1809979,0.0736081,-0.241123,0.2412512
"396","LessFourCountriesTotalNoLag","40-49","2010","USDummy1_40-49_YearDecade2010","USDummy1_YearDecade2010",0.486461,"USDummy1_40-49",0.1809979,0.0736081,-0.1892845,0.5517825
"397","LessFourCountriesTotalNoLag","40-49","1950","USDummy1_40-49_YearDecade1950","USDummy1_YearDecade1950",0,"USDummy1_40-49",0.1809979,0.0736081,0,0.254606
"398","LessFourCountriesTotalNoLag","40-49","1970","USDummy1_40-49_YearDecade1970","USDummy1_YearDecade1970",0.1619692,"USDummy1_40-49",0.1809979,0.0736081,-0.1377249,0.2788503
"399","LessFourCountriesTotalNoLag","40-49","1990","USDummy1_40-49_YearDecade1990","USDummy1_YearDecade1990",0.3533604,"USDummy1_40-49",0.1809979,0.0736081,-0.2696036,0.3383628
"400","LessFourCountriesTotalNoLag","40-49","2000","USDummy1_40-49_YearDecade2000","USDummy1_YearDecade2000",0.3833968,"USDummy1_40-49",0.1809979,0.0736081,-0.1888523,0.4491505
"401","LessFourCountriesTotalNoLag","40-49","1960","USDummy1_40-49_YearDecade1960","USDummy1_YearDecade1960",0.1119522,"USDummy1_40-49",0.1809979,0.0736081,-0.0436557,0.3229025
"402","LessFourCountriesTotalNoLag","50-59","1940","USDummy1_50-59_YearDecade1940","USDummy1_YearDecade1940",-0.3470613,"USDummy1_50-59",0.1611628,0.0736081,0.3354676,0.2231772
"403","LessFourCountriesTotalNoLag","50-59","1980","USDummy1_50-59_YearDecade1980","USDummy1_YearDecade1980",0.2277682,"USDummy1_50-59",0.1611628,0.0736081,-0.2800838,0.1824553
"404","LessFourCountriesTotalNoLag","50-59","1950","USDummy1_50-59_YearDecade1950","USDummy1_YearDecade1950",0,"USDummy1_50-59",0.1611628,0.0736081,0,0.2347709
"405","LessFourCountriesTotalNoLag","50-59","1960","USDummy1_50-59_YearDecade1960","USDummy1_YearDecade1960",0.1119522,"USDummy1_50-59",0.1611628,0.0736081,-0.0865824,0.2601407
"406","LessFourCountriesTotalNoLag","50-59","1970","USDummy1_50-59_YearDecade1970","USDummy1_YearDecade1970",0.1619692,"USDummy1_50-59",0.1611628,0.0736081,-0.1798309,0.2169092
"407","LessFourCountriesTotalNoLag","50-59","2000","USDummy1_50-59_YearDecade2000","USDummy1_YearDecade2000",0.3833968,"USDummy1_50-59",0.1611628,0.0736081,-0.3042018,0.3139659
"408","LessFourCountriesTotalNoLag","50-59","1990","USDummy1_50-59_YearDecade1990","USDummy1_YearDecade1990",0.3533604,"USDummy1_50-59",0.1611628,0.0736081,-0.3512563,0.236875
"409","LessFourCountriesTotalNoLag","50-59","2010","USDummy1_50-59_YearDecade2010","USDummy1_YearDecade2010",0.486461,"USDummy1_50-59",0.1611628,0.0736081,-0.2778266,0.4434053
"410","LessFourCountriesTotalNoLag","05-09","1990","USDummy1_05-09_YearDecade1990","USDummy1_YearDecade1990",0.3533604,"USDummy1_05-09",-0.2671151,0.0736081,0.0592963,0.2191497
"411","LessFourCountriesTotalNoLag","05-09","1980","USDummy1_05-09_YearDecade1980","USDummy1_YearDecade1980",0.2277682,"USDummy1_05-09",-0.2671151,0.0736081,0.1305682,0.1648294
"412","LessFourCountriesTotalNoLag","60-69","1940","USDummy1_60-69_YearDecade1940","USDummy1_YearDecade1940",-0.3470613,"USDummy1_60-69",0.0440328,0.0736081,0.3279075,0.0984871
"413","LessFourCountriesTotalNoLag","60-69","1970","USDummy1_60-69_YearDecade1970","USDummy1_YearDecade1970",0.1619692,"USDummy1_60-69",0.0440328,0.0736081,-0.1702252,0.1093849
"414","LessFourCountriesTotalNoLag","60-69","1950","USDummy1_60-69_YearDecade1950","USDummy1_YearDecade1950",0,"USDummy1_60-69",0.0440328,0.0736081,0,0.1176409
"415","LessFourCountriesTotalNoLag","60-69","1980","USDummy1_60-69_YearDecade1980","USDummy1_YearDecade1980",0.2277682,"USDummy1_60-69",0.0440328,0.0736081,-0.2199014,0.1255077
"416","LessFourCountriesTotalNoLag","60-69","1990","USDummy1_60-69_YearDecade1990","USDummy1_YearDecade1990",0.3533604,"USDummy1_60-69",0.0440328,0.0736081,-0.3065793,0.164422
"417","LessFourCountriesTotalNoLag","70-79","1970","USDummy1_70-79_YearDecade1970","USDummy1_YearDecade1970",0.1619692,"USDummy1_70-79",-0.1306945,0.0736081,-0.1565307,-0.0516479
"418","LessFourCountriesTotalNoLag","70-79","1940","USDummy1_70-79_YearDecade1940","USDummy1_YearDecade1940",-0.3470613,"USDummy1_70-79",-0.1306945,0.0736081,0.3781758,-0.0259719
"419","LessFourCountriesTotalNoLag","70-79","1950","USDummy1_70-79_YearDecade1950","USDummy1_YearDecade1950",0,"USDummy1_70-79",-0.1306945,0.0736081,0,-0.0570864
"420","LessFourCountriesTotalNoLag","70-79","1990","USDummy1_70-79_YearDecade1990","USDummy1_YearDecade1990",0.3533604,"USDummy1_70-79",-0.1306945,0.0736081,-0.2624443,0.0338297
"421","LessFourCountriesTotalNoLag","70-79","2010","USDummy1_70-79_YearDecade2010","USDummy1_YearDecade2010",0.486461,"USDummy1_70-79",-0.1306945,0.0736081,-0.2527015,0.1766731
"422","LessFourCountriesTotalNoLag","70-79","1960","USDummy1_70-79_YearDecade1960","USDummy1_YearDecade1960",0.1119522,"USDummy1_70-79",-0.1306945,0.0736081,-0.0960704,-0.0412046
"423","LessFourCountriesTotalNoLag","70-79","1980","USDummy1_70-79_YearDecade1980","USDummy1_YearDecade1980",0.2277682,"USDummy1_70-79",-0.1306945,0.0736081,-0.1902984,-0.0196166
"424","LessFourCountriesTotalNoLag","70-79","2000","USDummy1_70-79_YearDecade2000","USDummy1_YearDecade2000",0.3833968,"USDummy1_70-79",-0.1306945,0.0736081,-0.2156908,0.1106196
"425","LessFourCountriesTotalNoLag","80","1970","USDummy1_80_YearDecade1970","USDummy1_YearDecade1970",0.1619692,"USDummy1_80",-0.2181832,0.0736081,-0.1388042,-0.1214101
"426","LessFourCountriesTotalNoLag","80","2000","USDummy1_80_YearDecade2000","USDummy1_YearDecade2000",0.3833968,"USDummy1_80",-0.2181832,0.0736081,-0.2024724,0.0363493
"427","LessFourCountriesTotalNoLag","80","1990","USDummy1_80_YearDecade1990","USDummy1_YearDecade1990",0.3533604,"USDummy1_80",-0.2181832,0.0736081,-0.2306315,-0.0218462
"428","LessFourCountriesTotalNoLag","80","1960","USDummy1_80_YearDecade1960","USDummy1_YearDecade1960",0.1119522,"USDummy1_80",-0.2181832,0.0736081,-0.055571,-0.0881939
"429","LessFourCountriesTotalNoLag","80","1980","USDummy1_80_YearDecade1980","USDummy1_YearDecade1980",0.2277682,"USDummy1_80",-0.2181832,0.0736081,-0.1784592,-0.0952661
"430","LessFourCountriesTotalNoLag","80","1940","USDummy1_80_YearDecade1940","USDummy1_YearDecade1940",-0.3470613,"USDummy1_80",-0.2181832,0.0736081,0.3519378,-0.1396986
"431","LessFourCountriesTotalNoLag","80","2010","USDummy1_80_YearDecade2010","USDummy1_YearDecade2010",0.486461,"USDummy1_80",-0.2181832,0.0736081,-0.2609193,0.0809666
"432","LessFourCountriesTotalNoLag","80","1950","USDummy1_80_YearDecade1950","USDummy1_YearDecade1950",0,"USDummy1_80",-0.2181832,0.0736081,0,-0.1445751
